score,moves,snake_length,time
0,282,3,0.0
0,610,3,0.0
0,761,3,0.0
0,795,3,0.0
0,1196,3,0.0
0,1251,3,0.0
1,1348,3,0.0
0,50,3,0.0,-1.38,0,0
0,97,3,0.0,-1.3917525773195876,0,[ 4.  2.  2. 11. 36. 15. 35. 97.  0. 40. 56.]
0,170,3,0.0,-1.3352941176470587,0,[ 3.5  1.5  2.  10.5 32.  16.  26.5 50.  33.5 44.  39.5]
0,274,3,0.0,-1.2773722627737227,0,"[ 3.          1.33333333  1.66666667 13.66666667 27.         25.
 25.66666667 68.         22.33333333 29.33333333 61.        ]"
0,390,3,0.0,-1.2435897435897436,0,[ 2.75  1.25  1.5  16.   28.5  24.   29.   56.75 39.25 51.   45.75]
0,766,3,0.0,-1.1488250652741514,0,[  2.8   3.4   1.4  32.2  38.6  37.4  45.   46.  103.8 107.8  43.8]
0,879,3,0.0,-1.1513083048919226,0,"[  2.66666667   3.           1.33333333  31.16666667  36.5
  37.83333333  41.          38.33333333 104.66666667 104.83333333
  39.83333333]"
0,945,3,0.0,-1.1608465608465608,0,"[ 2.57142857  2.71428571  1.28571429 28.14285714 35.28571429 34.42857143
 37.14285714 34.57142857 96.57142857 99.28571429 34.14285714]"
0,1030,3,0.0,-1.1660194174757281,0,"[ 2.75   2.875  1.25  26.375 34.875 33.25  34.25  40.875 84.5   91.875
 33.375]"
0,1085,3,0.0,-1.1751152073732718,0,"[ 2.66666667  2.66666667  1.22222222 24.11111111 33.66666667 31.
 31.77777778 42.44444444 75.11111111 87.77777778 29.66666667]"
0,1171,3,0.0,-1.178479931682323,0,[ 2.6  2.5  1.8 23.4 32.6 29.3 31.8 46.8 67.6 87.6 26.7]
0,1212,3,0.0,-1.188118811881188,0,"[ 2.54545455  2.36363636  1.72727273 22.27272727 30.         27.
 30.90909091 46.09090909 61.45454545 83.36363636 24.27272727]"
0,1286,3,0.0,-1.192068429237947,0,"[ 2.5         2.25        1.91666667 21.16666667 29.75       26.33333333
 29.91666667 48.41666667 56.33333333 76.41666667 28.25      ]"
0,1360,3,0.0,-1.1955882352941176,0,"[ 2.46153846  2.15384615  2.         20.61538462 29.92307692 25.53846154
 28.53846154 47.07692308 54.92307692 71.61538462 30.38461538]"
0,1453,3,0.0,-1.1961459050240881,0,"[ 2.42857143  2.07142857  1.92857143 20.35714286 29.14285714 26.42857143
 27.85714286 50.35714286 51.         66.5        34.85714286]"
0,1569,3,0.0,-1.1937539834289357,0,"[ 2.33333333  1.93333333  1.8        21.8        29.         26.4
 27.4        48.6        52.26666667 62.06666667 40.26666667]"
1,1618,3,0.0,-1.180469715698393,0,"[ 2.1875  1.9375  1.6875 21.625  27.5625 25.6875 26.25   48.4375 49.125
 61.1875 37.75  ]"
0,1701,3,0.0,-1.1828336272780717,0,"[ 2.17647059  2.          1.64705882 21.35294118 28.         25.23529412
 25.47058824 46.64705882 49.88235294 57.58823529 40.41176471]"
0,1942,3,0.0,-1.1699279093717816,0,"[ 2.11111111  1.88888889  1.55555556 24.22222222 29.77777778 27.27777778
 26.61111111 44.05555556 60.5        67.77777778 38.16666667]"
0,1996,3,0.0,-1.1748496993987976,0,"[ 2.10526316  1.89473684  1.52631579 23.15789474 28.84210526 26.36842105
 26.68421053 42.42105263 58.10526316 67.05263158 36.15789474]"
0,2148,3,0.0,-1.1713221601489758,0,[ 2.15  1.85  1.8  23.65 28.4  28.   27.35 47.9  55.2  68.65 36.55]
0,2549,3,0.0,-1.1518242448018832,0,"[ 2.14285714  2.          1.76190476 28.42857143 32.14285714 30.95238095
 29.85714286 56.85714286 58.76190476 84.38095238 34.80952381]"
0,2594,3,0.0,-1.1565150346954511,0,"[ 2.13636364  1.95454545  1.72727273 27.54545455 31.13636364 29.72727273
 29.5        56.31818182 56.09090909 81.27272727 34.27272727]"
0,2715,3,0.0,-1.156537753222836,0,"[ 2.30434783  2.          1.86956522 27.56521739 30.73913043 30.39130435
 29.34782609 53.86956522 58.91304348 79.73913043 35.7826087 ]"
1,2965,3,0.0,-1.13929173693086,0,"[ 2.375       2.25        2.375      28.91666667 31.33333333 31.875
 31.41666667 55.29166667 62.70833333 81.16666667 39.875     ]"
0,3011,3,0.0,-1.1434739289272666,0,[ 2.4   2.2   2.4  27.8  30.76 30.8  31.08 54.16 60.92 79.08 38.8 ]
0,3040,3,0.0,-1.1483552631578948,0,"[ 2.38461538  2.15384615  2.46153846 26.92307692 29.65384615 29.69230769
 30.65384615 53.19230769 58.57692308 76.38461538 38.03846154]"
0,3096,3,0.0,-1.1518087855297157,0,"[ 2.48148148  2.18518519  2.77777778 26.44444444 28.92592593 28.85185185
 30.44444444 51.22222222 58.48148148 75.62962963 36.62962963]"
1,3232,3,0.0,-1.1417079207920793,0,"[ 2.64285714  2.64285714  3.32142857 26.28571429 29.32142857 29.28571429
 30.53571429 52.57142857 58.03571429 76.39285714 36.42857143]"
0,3633,3,0.0,-1.1312964492155244,0,"[ 2.75862069  2.5862069   3.44827586 28.5862069  30.89655172 32.13793103
 33.65517241 50.75862069 69.86206897 79.96551724 39.51724138]"
0,3743,3,0.0,-1.1325140261822069,0,"[ 2.83333333  2.53333333  3.46666667 28.53333333 30.3        31.93333333
 34.         49.86666667 70.23333333 77.33333333 41.63333333]"
0,4001,3,0.0,-1.1287178205448638,0,"[ 2.87096774  2.51612903  3.41935484 28.77419355 30.4516129  34.22580645
 35.61290323 49.16129032 75.06451613 79.93548387 42.96774194]"
0,4145,3,0.0,-1.1288299155609167,0,"[ 2.90625  2.46875  3.40625 29.40625 30.4375  34.1875  35.5     47.625
 77.21875 78.09375 44.21875]"
2,4720,3,0.0,-1.1040254237288136,0,"[ 2.93939394  2.57575758  3.45454545 32.81818182 33.24242424 37.6969697
 39.27272727 55.3030303  82.48484848 86.81818182 46.66666667]"
1,4861,3,0.0,-1.0985393951861757,0,"[ 3.02941176  2.88235294  3.5        32.85294118 33.64705882 37.32352941
 39.14705882 54.82352941 82.91176471 85.02941176 48.38235294]"
1,5018,3,0.0,-1.093064966121961,0,"[ 3.25714286  2.82857143  3.85714286 33.2        33.65714286 37.11428571
 39.4        56.25714286 81.91428571 84.54285714 49.22857143]"
0,5261,3,0.0,-1.0923778749287207,0,"[ 3.66666667  2.83333333  4.30555556 33.27777778 34.22222222 38.38888889
 40.25       61.44444444 79.63888889 88.5        48.05555556]"
1,5367,3,0.0,-1.0883174958077138,0,"[ 3.64864865  2.94594595  4.40540541 32.91891892 33.86486486 38.
 40.27027027 60.59459459 78.51351351 88.97297297 46.75675676]"
0,5539,3,0.0,-1.0890052356020943,0,"[ 3.86842105  2.92105263  4.60526316 33.52631579 34.13157895 37.71052632
 40.39473684 59.05263158 80.86842105 87.31578947 48.        ]"
0,5678,3,0.0,-1.0901725959845017,0,"[ 3.84615385  2.8974359   4.56410256 33.33333333 34.38461538 37.61538462
 40.25641026 61.1025641  78.79487179 87.69230769 47.43589744]"
0,5824,3,0.0,-1.0911744505494505,0,"[ 3.875  3.5    4.5   32.775 34.05  37.875 40.9   59.575 79.825 86.45
 48.725]"
1,5991,3,0.0,-1.086629944917376,0,"[ 3.82926829  3.6097561   4.41463415 32.73170732 34.24390244 37.87804878
 41.26829268 59.51219512 78.90243902 84.92682927 51.02439024]"
0,6091,3,0.0,-1.088327039894927,0,"[ 3.85714286  3.64285714  4.33333333 32.26190476 34.11904762 37.45238095
 41.19047619 58.5952381  77.5952381  85.28571429 49.80952381]"
1,6429,3,0.0,-1.0818167677710375,0,"[ 3.88372093  3.97674419  4.46511628 33.30232558 35.13953488 38.6744186
 42.39534884 60.18604651 80.20930233 84.93023256 54.30232558]"
0,6707,3,0.0,-1.0812583867601013,0,"[ 3.88636364  3.90909091  4.45454545 33.86363636 36.06818182 39.27272727
 43.22727273 64.36363636 78.47727273 89.31818182 53.06818182]"
1,6941,3,0.0,-1.0767900878835903,0,"[ 4.13333333  3.86666667  4.91111111 34.22222222 36.4        39.8
 43.82222222 64.11111111 78.84444444 92.4        52.        ]"
2,7068,3,0.0,-1.0693265421618563,0,"[ 4.15217391  4.04347826  4.89130435 34.13043478 35.84782609 39.7826087
 43.89130435 63.15217391 78.7173913  91.67391304 52.26086957]"
0,7141,3,0.0,-1.0712785324184289,0,"[ 4.12765957  3.9787234   4.85106383 33.89361702 35.46808511 39.08510638
 43.4893617  61.9787234  78.38297872 89.85106383 52.55319149]"
0,7196,3,0.0,-1.0733740967204002,0,"[ 4.14583333  3.91666667  4.83333333 33.29166667 35.20833333 38.72916667
 42.6875     61.77083333 76.79166667 88.97916667 51.58333333]"
1,7290,3,0.0,-1.0707818930041153,0,"[ 4.10204082  3.87755102  5.02040816 33.14285714 34.97959184 38.20408163
 42.44897959 60.91836735 76.71428571 87.81632653 51.20408163]"
0,7326,3,0.0,-1.0730275730275731,0,[ 4.08  4.18  4.94 32.48 34.62 37.82 41.6  60.42 75.18 86.06 50.9 ]
1,7649,3,0.0,-1.0683749509739835,0,"[ 4.1372549   4.31372549  5.05882353 33.1372549  35.1372549  38.82352941
 42.88235294 64.52941176 74.68627451 87.07843137 52.80392157]"
1,7771,3,0.0,-1.0657573027924334,0,"[ 4.07692308  4.25        5.         33.17307692 34.90384615 38.59615385
 42.76923077 65.63461538 73.25       85.96153846 53.03846154]"
0,7797,3,0.0,-1.0679748621264589,0,"[ 4.03773585  4.18867925  5.0754717  32.54716981 34.58490566 37.86792453
 42.11320755 64.64150943 72.09433962 84.83018868 52.03773585]"
0,7964,3,0.0,-1.0689352084379709,0,"[ 4.09259259  4.25925926  5.55555556 32.61111111 34.5        38.27777778
 42.09259259 65.2962963  71.96296296 85.44444444 51.92592593]"
2,8287,3,0.0,-1.061059490768674,0,"[ 4.23636364  4.34545455  5.92727273 33.14545455 35.         39.56363636
 42.96363636 67.         72.52727273 87.16363636 53.14545455]"
1,8606,3,0.0,-1.0574018126888218,0,"[ 4.91071429  4.39285714  6.42857143 33.625      35.76785714 40.58928571
 43.69642857 65.85714286 76.75       85.875      57.57142857]"
0,8735,3,0.0,-1.0587292501431025,0,"[ 4.85964912  4.33333333  6.35087719 33.54385965 35.43859649 40.77192982
 43.49122807 66.10526316 76.24561404 84.63157895 58.        ]"
1,8784,3,0.0,-1.057035519125683,0,"[ 4.79310345  4.39655172  6.25862069 33.17241379 35.17241379 40.17241379
 42.93103448 65.0862069  75.62068966 83.27586207 57.37931034]"
0,8920,3,0.0,-1.0582959641255605,0,"[ 4.86440678  4.33898305  6.30508475 32.77966102 34.74576271 40.3220339
 43.33898305 63.98305085 76.6440678  81.88135593 58.49152542]"
0,8957,3,0.0,-1.060176398347661,0,"[ 4.86666667  4.28333333  6.28333333 32.31666667 34.25       40.03333333
 42.68333333 62.91666667 75.98333333 80.98333333 57.53333333]"
0,9168,3,0.0,-1.0608638743455496,0,"[ 4.80327869  4.21311475  6.18032787 32.60655738 34.39344262 40.42622951
 42.86885246 61.8852459  78.19672131 80.04918033 59.39344262]"
3,9657,3,0.0,-1.0501190846018433,0,"[ 4.79032258  4.29032258  6.24193548 33.80645161 35.64516129 41.93548387
 44.37096774 67.9516129  77.41935484 80.91935484 64.09677419]"
0,9763,3,0.0,-1.051521048857933,0,"[ 4.77777778  4.34920635  6.15873016 33.79365079 35.6031746  41.44444444
 44.12698413 67.         77.71428571 81.31746032 63.07936508]"
0,9917,3,0.0,-1.0526368861550872,0,"[ 5.0625    4.359375  6.390625 33.65625  35.46875  41.453125 44.375
 65.953125 78.578125 80.0625   63.796875]"
0,9939,3,0.0,-1.054432035416038,0,"[ 5.03076923  4.30769231  6.32307692 33.16923077 34.92307692 40.83076923
 43.98461538 64.93846154 77.70769231 78.84615385 63.09230769]"
1,10056,3,0.0,-1.0526054097056483,0,"[ 5.01515152  4.72727273  6.33333333 33.04545455 34.72727273 40.60606061
 43.98484848 64.66666667 77.22727273 78.72727273 62.81818182]"
2,10453,3,0.0,-1.0464938295226252,0,"[ 5.08955224  5.29850746  6.52238806 33.92537313 35.41791045 41.53731343
 45.13432836 66.89552239 77.29850746 78.68656716 66.55223881]"
1,10892,3,0.0,-1.0435181784796181,0,"[ 5.26470588  5.30882353  8.95588235 34.39705882 36.02941176 42.97058824
 46.77941176 70.26470588 77.58823529 82.39705882 67.08823529]"
0,10910,3,0.0,-1.0451879010082492,0,"[ 5.2173913   5.24637681  8.84057971 33.89855072 35.76811594 42.34782609
 46.10144928 69.50724638 76.46376812 81.46376812 66.11594203]"
1,11049,3,0.0,-1.0435333514345189,0,"[ 5.24285714  5.18571429  8.94285714 33.88571429 35.45714286 42.34285714
 46.15714286 69.72857143 76.12857143 81.34285714 65.81428571]"
1,11104,3,0.0,-1.0422370317002883,0,"[ 5.22535211  5.47887324  8.83098592 33.45070423 35.25352113 42.05633803
 45.63380282 69.1971831  75.23943662 80.67605634 65.16901408]"
4,11290,3,0.0,-1.0322409211691763,0,"[ 5.22222222  5.51388889  8.97222222 33.41666667 35.375      42.375
 45.63888889 69.23611111 75.20833333 80.26388889 65.86111111]"
5,11880,3,0.0,-1.0191919191919192,0,"[ 5.28767123  6.54794521  9.64383562 34.54794521 36.35616438 44.34246575
 47.49315068 73.43835616 76.16438356 82.95890411 68.17808219]"
5,12339,3,0.0,-1.0074560337142393,0,"[ 5.31081081  6.7972973  10.02702703 35.47297297 37.2972973  45.40540541
 48.56756757 76.72972973 76.40540541 84.45945946 70.31081081]"
0,12740,3,0.0,-1.008712715855573,0,"[ 5.62666667  7.17333333  9.97333333 36.45333333 38.02666667 46.05333333
 49.33333333 75.70666667 80.73333333 88.68       69.37333333]"
2,13341,3,0.0,-1.0050970691852186,0,"[ 6.81578947  8.52631579 11.90789474 37.07894737 38.82894737 48.30263158
 51.32894737 79.35526316 82.55263158 90.36842105 72.01315789]"
4,13889,3,0.0,-0.9973360213118295,0,"[ 7.01298701  8.67532468 15.15584416 37.80519481 39.74025974 50.02597403
 52.80519481 82.48051948 83.90909091 90.63636364 76.15584416]"
0,14290,3,0.0,-0.9987403778866341,0,"[ 7.15384615  8.56410256 17.55128205 37.42307692 39.53846154 51.67948718
 54.56410256 86.43589744 82.94871795 94.5        75.17948718]"
2,14891,3,0.0,-0.995903565912296,0,"[ 7.27848101  8.4556962  23.96202532 38.91139241 41.11392405 52.92405063
 55.5443038  90.91139241 83.51898734 95.98734177 78.86075949]"
9,16192,3,0.0,-0.980175395256917,0,"[ 8.     14.725  27.725  43.9875 46.0125 54.85   57.55   92.3125 95.1
 99.0125 84.325 ]"
0,16593,3,0.0,-0.9817995540288074,0,"[ 7.90123457 14.55555556 27.38271605 44.67901235 46.67901235 55.40740741
 58.08641975 96.12345679 93.92592593 97.79012346 88.2345679 ]"
3,17294,3,0.0,-0.978258355499017,0,"[  7.87804878  14.5         29.7804878   46.37804878  48.30487805
  56.74390244  59.47560976  95.24390244 100.12195122 103.09756098
  88.7195122 ]"
0,17695,3,0.0,-0.9798248092681549,0,"[  7.78313253  15.54216867  29.43373494  47.02409639  48.92771084
  57.27710843  59.96385542  94.09638554 103.74698795 101.85542169
  92.48192771]"
1,18196,3,0.0,-0.9797208177621455,0,"[  7.85714286  15.51190476  29.32142857  46.69047619  48.42857143
  59.52380952  61.97619048  93.04761905 108.38095238 102.38095238
  95.44047619]"
0,18597,3,0.0,-0.9811797601763725,0,"[  7.90588235  15.32941176  33.49411765  47.37647059  49.08235294
  60.05882353  62.27058824  95.25882353 108.44705882 104.54117647
  95.61176471]"
12,20198,3,0.0,-0.9651945737201704,0,"[  8.11627907  20.6627907   35.76744186  51.88372093  53.52325581
  63.56976744  65.88372093 102.40697674 115.18604651 113.81395349
 102.08139535]"
4,20999,3,0.0,-0.9615219772370113,0,"[  8.31034483  20.45977011  40.22988506  53.14942529  54.83908046
  65.47126437  67.90804598 102.85057471 120.85057471 116.89655172
 105.2183908 ]"
21,21925,3,0.0,-0.9343215507411631,0,"[  8.43181818  20.94318182  41.64772727  55.06818182  56.67045455
  67.42045455  69.98863636 104.60227273 124.65909091 119.5
 109.34090909]"
0,22326,3,0.0,-0.9363522350622593,0,"[  9.41573034  20.71910112  42.24719101  55.71910112  57.1011236
  67.73033708  70.30337079 103.42696629 127.76404494 118.15730337
 110.26966292]"
0,22727,3,0.0,-0.9383112597351169,0,"[ 10.38888889  20.5         41.77777778  56.31111111  57.54444444
  68.05555556  70.61111111 106.73333333 126.34444444 121.3
 109.04444444]"
0,23128,3,0.0,-0.9402023521272916,0,"[ 11.28571429  20.28571429  42.36263736  56.75824176  57.95604396
  68.54945055  70.89010989 107.7032967  124.95604396 119.96703297
 112.25274725]"
2,23729,3,0.0,-0.939904757891188,0,"[ 12.97826087  21.86956522  44.91304348  57.47826087  58.47826087
  69.91304348  72.05434783 109.54347826 124.27173913 119.22826087
 116.83695652]"
1,24230,3,0.0,-0.9406520841931489,0,"[ 13.43010753  22.15053763  45.53763441  58.27956989  59.11827957
  70.43010753  72.70967742 111.2688172  123.25806452 123.33333333
 115.58064516]"
4,25031,3,0.0,-0.9383564380168591,0,"[ 13.58510638  22.41489362  45.36170213  59.86170213  60.62765957
  71.85106383  73.94680851 110.30851064 127.92553191 122.40425532
 122.22340426]"
14,26832,3,0.0,-0.9270274299344067,0,"[ 14.45263158  29.35789474  49.70526316  66.92631579  67.86315789
  72.70526316  74.94736842 123.36842105 128.92631579 137.30526316
 123.08421053]"
0,27233,3,0.0,-0.9287996181103808,0,"[ 14.54166667  30.90625     49.1875      68.07291667  69.05208333
  72.08333333  74.46875    125.82291667 127.59375    140.05208333
 121.80208333]"
1,27734,3,0.0,-0.9296531333381409,0,"[ 14.40206186  30.59793814  50.19587629  68.58762887  69.57731959
  72.65979381  75.09278351 129.15463918 126.6185567  143.2371134
 121.07216495]"
4,28535,3,0.0,-0.9279481338706851,0,"[ 15.82653061  33.76530612  52.74489796  69.51020408  70.31632653
  74.3877551   76.95918367 132.24489796 125.65306122 149.59183673
 120.06122449]"
1,29036,3,0.0,-0.928778068604491,0,"[ 16.45454545  34.2020202   53.77777778  69.73737374  70.39393939
  75.22222222  77.93939394 133.42424242 124.38383838 152.88888889
 119.1010101 ]"
15,29531,3,0.0,-0.9148691205851478,0,"[ 16.32  33.91  53.47  70.41  71.18  75.6   78.12 133.85 125.29 153.51
 119.96]"
5,30432,3,0.0,-0.9129206098843323,0,"[ 16.85148515  34.58415842  55.33663366  71.84158416  72.55445545
  77.12871287  79.78217822 133.10891089 131.6039604  158.92079208
 120.4950495 ]"
3,30944,3,0.0,-0.9119700103412617,0,"[ 16.83333333  34.93137255  55.34313725  71.93137255  72.46078431
  78.25490196  80.7254902  132.62745098 134.29411765 157.75490196
 123.5       ]"
21,31680,3,0.0,-0.8940656565656566,0,"[ 16.89320388  35.0776699   55.68932039  73.27184466  73.68932039
  79.17475728  81.4368932  134.2815534  135.22330097 159.45631068
 125.25242718]"
17,32178,3,0.0,-0.8799179563677046,0,"[ 16.78846154  34.83653846  55.42307692  73.81730769  74.14423077
  79.57692308  81.86538462 134.93269231 135.11538462 159.80769231
 126.47115385]"
12,32765,3,0.0,-0.8712955898061956,0,"[ 16.77142857  35.          55.4952381   74.61904762  74.78095238
  80.2         82.44761905 135.37142857 136.16190476 160.78095238
 127.80952381]"
9,33069,3,0.0,-0.8646164081163628,0,"[ 16.68867925  34.86792453  55.02830189  74.9245283   75.06603774
  79.86792453  82.11320755 135.25471698 135.94339623 160.20754717
 128.32075472]"
49,34747,3,0.0,-0.8279851497971048,0,"[ 16.95327103  36.3271028   55.65420561  78.13084112  78.11214953
  83.08411215  85.41121495 138.43925234 140.71962617 165.08411215
 134.71962617]"
4,34950,3,0.0,-0.8259799713876967,0,"[ 16.82407407  36.08333333  55.14814815  77.94444444  77.96296296
  82.64814815  85.05555556 138.01851852 140.15740741 164.36111111
 134.10185185]"
6,35057,3,0.0,-0.8217474398836181,0,"[ 16.67889908  35.7706422   54.65137615  77.44954128  77.55963303
  82.17431193  84.44036697 137.08256881 139.39449541 163.33944954
 133.08256881]"
25,35874,3,0.0,-0.8047332329821041,0,"[ 16.61818182  35.80909091  54.70909091  79.00909091  79.06363636
  82.9         85.15454545 139.08181818 140.36363636 166.01818182
 134.23636364]"
10,36165,3,0.0,-0.798257984238905,0,"[ 16.53153153  35.59459459  54.33333333  79.13513514  79.24324324
  82.57657658  84.85585586 138.88288288 140.07207207 165.55855856
 133.85585586]"
34,37286,3,0.0,-0.7765649305369308,0,"[ 16.54464286  36.21428571  54.30357143  81.42857143  81.63392857
  83.83928571  86.00892857 141.82142857 142.48214286 168.20535714
 137.26785714]"
35,38496,3,0.0,-0.7558967165419784,0,"[ 16.67256637  36.86725664  54.82300885  83.96460177  84.31858407
  85.20353982  87.18584071 144.91150442 145.56637168 169.88495575
 141.88495575]"
34,39525,3,0.0,-0.7360657811511702,0,"[ 16.72807018  37.34210526  55.29824561  85.65789474  85.95614035
  86.53508772  88.56140351 145.86842105 148.48245614 171.56140351
 145.71929825]"
27,40323,3,0.0,-0.7210029015698237,0,"[ 16.77391304  37.79130435  55.05217391  86.72173913  87.11304348
  87.46956522  89.33043478 146.71304348 149.83478261 172.76521739
 147.95652174]"
42,41664,3,0.0,-0.6991887480798771,0,"[ 16.88793103  38.10344828  55.87068966  89.25        89.50862069
  89.29310345  91.12068966 149.1637931  152.38793103 175.93965517
 152.19827586]"
21,42230,3,0.0,-0.6882547951693109,0,"[ 16.85470085  38.1965812   55.69230769  89.74358974  89.99145299
  89.64957265  91.55555556 148.96581197 152.88034188 176.64957265
 153.38461538]"
42,43573,3,0.0,-0.6684185160535194,0,"[ 17.04237288  39.22881356  55.83898305  92.48305085  92.69491525
  91.16949153  92.91525424 151.27966102 155.95762712 179.52542373
 158.16101695]"
33,44569,3,0.0,-0.653301622203774,0,"[ 17.09243697  40.03361345  55.96638655  93.99159664  94.2605042
  92.27731092  94.         153.21008403 157.21008403 182.11764706
 160.87394958]"
34,45467,3,0.0,-0.6373853564123431,0,"[ 17.09166667  40.08333333  55.81666667  95.1         95.35
  93.41666667  95.025      153.975      158.05833333 184.29166667
 163.275     ]"
45,46816,3,0.0,-0.6184424128503075,0,"[ 17.10743802  40.30578512  56.26446281  97.14049587  97.38016529
  95.47107438  96.91735537 155.52066116 160.11570248 187.92561983
 167.38842975]"
44,48043,3,0.0,-0.600191495118956,0,"[ 17.06557377  40.32786885  56.6557377   99.2295082   99.37704918
  96.90983607  98.27868852 157.35245902 162.64754098 190.8852459
 170.93442623]"
62,49760,3,0.0,-0.5757435691318328,0,"[ 17.25203252  41.51219512  57.66666667 102.17073171 102.34146341
  99.35772358 100.68292683 160.63414634 165.7804878  195.8699187
 175.93495935]"
38,50907,3,0.0,-0.5625356041408843,0,"[ 17.41935484  42.97580645  57.79032258 103.66129032 103.75806452
 100.83870968 102.28225806 162.65322581 167.02419355 197.35483871
 179.59677419]"
11,51153,3,0.0,-0.558344574120775,0,"[ 17.328  42.664  57.408 103.296 103.504 100.448 101.976 161.848 166.248
 196.824 179.08 ]"
47,52443,3,0.0,-0.5417882272181226,0,"[ 17.45238095  42.5952381   58.08730159 104.98412698 105.20634921
 102.26984127 103.75396825 163.23015873 168.55555556 200.5
 182.03174603]"
35,53349,3,0.0,-0.5295881834711054,0,"[ 17.46456693  42.51181102  58.18110236 105.69291339 105.82677165
 103.56692913 104.98425197 163.37007874 169.01574803 202.35433071
 184.26771654]"
36,54224,3,0.0,-0.5169482148126291,0,"[ 17.4453125  42.8515625  58.1171875 106.6640625 106.921875  104.3203125
 105.71875   164.0234375 170.015625  204.2421875 186.0078125]"
45,55460,3,0.0,-0.502902993148215,0,"[ 17.55813953  43.09302326  58.19379845 108.25581395 108.63565891
 105.79069767 107.24031008 165.33333333 171.85271318 207.96899225
 188.62015504]"
16,55945,3,0.0,-0.4986862096702118,0,"[ 17.45384615  42.82307692  57.99230769 108.29230769 108.66153846
 105.99230769 107.4        164.93846154 171.41538462 208.46153846
 188.80769231]"
25,56604,3,0.0,-0.4911667019998587,0,"[ 17.35877863  42.58778626  57.73282443 108.87022901 109.20610687
 106.3129771  107.70229008 165.06870229 171.6259542  209.15267176
 190.0610687 ]"
41,57538,3,0.0,-0.47766693315721787,0,"[ 17.37121212  42.46212121  57.96969697 109.75757576 110.08333333
 107.31060606 108.74242424 165.87878788 172.06060606 211.03030303
 192.09090909]"
21,58110,3,0.0,-0.4719325417311995,0,"[ 17.28571429  42.36090226  57.55639098 110.         110.2481203
 107.67669173 108.9924812  165.68421053 171.79699248 211.56390977
 192.82706767]"
0,401,3,0.0,0,0.0,0,1
0,802,3,0.0,-840.0,0.5,[  0.   1.   1. 201. 198. 209. 194. 567. 218. 656. 122.],2
0,826,3,0.0,-441.5,0.6666666666666666,[  1.    1.    1.  101.  108.5 105.   98.5 285.  118.5 340.   61. ],3
0,1227,3,0.0,-434.3333333333333,0.75,"[  0.66666667   0.66666667   1.          99.66666667 104.66666667
 104.33333333 100.33333333 323.66666667  79.         226.66666667
 174.33333333]",4
0,1308,3,0.0,-350.75,0.8,"[  1.     0.75   1.    78.75  87.    82.    79.25 255.    63.5  190.25
 130.75]",5
0,1403,3,0.0,-303.4,0.8333333333333334,[  1.2   0.8   1.   69.8  72.6  70.8  67.4 212.6  60.  171.2 104.6],6
0,1509,3,0.0,-273.6666666666667,0.8571428571428571,"[  1.66666667   0.83333333   2.          62.83333333  63.
  65.83333333  59.83333333 180.5         64.16666667 142.66666667
 104.83333333]",7
0,1585,3,0.0,-248.14285714285714,0.875,"[  1.85714286   0.85714286   2.14285714  57.85714286  55.28571429
  60.          53.28571429 154.71428571  65.85714286 122.28571429
 100.71428571]",8
0,1716,3,0.0,-235.875,0.8888888888888888,"[  1.875   1.      2.     54.5    53.125  55.25   51.625 135.625  73.
 123.375  88.125]",9
0,1742,3,0.0,-214.66666666666666,0.9,"[  1.77777778   0.88888889   1.77777778  48.77777778  48.33333333
  49.55555556  46.88888889 120.55555556  67.44444444 112.55555556
  78.33333333]",10
0,1852,3,0.0,-206.1,0.9090909090909091,[  1.8   0.9   1.8  46.4  46.6  46.4  45.8 119.5  60.7 102.   80.4],11
0,1970,3,0.0,-199.8181818181818,0.9166666666666666,"[  2.09090909   1.27272727   1.72727273  44.18181818  46.
  45.45454545  43.45454545 119.36363636  55.18181818  92.72727273
  83.81818182]",12
0,2212,3,0.0,-204.91666666666666,0.9230769230769231,"[  2.16666667   1.41666667   1.66666667  44.5         47.66666667
  47.08333333  45.08333333 117.83333333  61.08333333  94.16666667
  86.25      ]",13
0,2290,3,0.0,-196.6153846153846,0.9285714285714286,"[  2.07692308   1.30769231   1.53846154  42.15384615  45.38461538
  45.69230769  42.92307692 112.07692308  58.92307692  86.92307692
  85.61538462]",14
1,2413,3,0.0,-190.5,0.9333333333333333,"[  2.14285714   1.35714286   2.57142857  41.92857143  43.78571429
  45.28571429  41.35714286 109.57142857  57.          86.92857143
  81.92857143]",15
0,2611,3,0.0,-192.26666666666668,0.9375,"[  2.13333333   1.33333333   2.46666667  41.93333333  44.06666667
  45.26666667  42.8        115.46666667  53.2         82.73333333
  87.86666667]",16
0,2649,3,0.0,-183.8125,0.9411764705882353,"[  2.125    1.375    2.375   39.375   42.5     43.375   40.3125 110.375
  50.0625  77.5625  84.75  ]",17
0,2872,3,0.0,-187.23529411764707,0.9444444444444444,"[  2.41176471   1.52941176   2.52941176  39.76470588  42.82352941
  45.17647059  41.17647059 117.          47.11764706  74.58823529
  90.70588235]",18
0,2904,3,0.0,-179.66666666666666,0.9473684210526315,"[  2.38888889   1.5          2.77777778  37.55555556  41.44444444
  42.66666667  39.66666667 112.27777778  44.5         72.22222222
  85.66666667]",19
0,3244,3,0.0,-189.10526315789474,0.95,"[  2.47368421   1.52631579   2.73684211  40.63157895  43.31578947
  44.78947368  42.         112.57894737  52.26315789  84.57894737
  81.78947368]",20
0,3416,3,0.0,-189.2,0.9523809523809523,"[  2.75   1.55   2.9   41.1   42.7   45.2   41.8  108.8   55.85  80.35
  86.3 ]",21
0,3432,3,0.0,-181.85714285714286,0.9545454545454546,"[  2.61904762   1.52380952   2.85714286  39.33333333  40.85714286
  43.14285714  40.0952381  104.38095238  53.19047619  76.52380952
  82.95238095]",22
1,3574,3,0.0,-179.5,0.9565217391304348,"[  2.59090909   2.31818182   2.77272727  39.45454545  40.31818182
  43.22727273  39.45454545 100.45454545  55.04545455  78.5
  80.18181818]",23
0,3788,3,0.0,-181.82608695652175,0.9583333333333334,"[ 2.7826087   2.30434783  2.86956522 39.7826087  40.69565217 43.52173913
 40.69565217 96.86956522 60.         83.30434783 77.08695652]",24
0,3890,3,0.0,-179.29166666666666,0.96,"[ 2.79166667  2.29166667  2.83333333 38.91666667 39.83333333 43.41666667
 39.91666667 92.83333333 61.75       82.70833333 75.125     ]",25
0,3954,3,0.0,-175.44,0.9615384615384616,[ 2.76  2.24  2.76 38.32 38.44 42.56 38.84 89.12 61.84 79.4  74.68],26
0,4062,3,0.0,-173.57692307692307,0.9629629629629629,"[ 2.88461538  2.23076923  2.80769231 38.19230769 37.57692308 41.84615385
 38.61538462 85.69230769 63.61538462 79.57692308 72.19230769]",27
0,4138,3,0.0,-170.66666666666666,0.9642857142857143,"[ 2.88888889  2.22222222  2.74074074 37.33333333 36.7037037  41.51851852
 37.7037037  85.33333333 61.25925926 78.59259259 70.22222222]",28
0,4273,3,0.0,-170.07142857142858,0.9655172413793104,"[ 3.03571429  2.17857143  2.89285714 36.82142857 36.57142857 41.78571429
 37.42857143 86.64285714 59.21428571 76.10714286 72.14285714]",29
1,4569,3,0.0,-174.0,0.9666666666666667,"[ 3.24137931  2.17241379  3.13793103 37.96551724 37.51724138 42.89655172
 39.17241379 93.75862069 57.27586207 76.72413793 74.93103448]",30
2,4710,3,0.0,-171.46666666666667,0.967741935483871,"[ 3.2         2.23333333  3.06666667 38.         37.3        42.96666667
 38.73333333 93.86666667 56.4        77.7        72.73333333]",31
0,4889,3,0.0,-172.32258064516128,0.96875,"[ 3.38709677  2.5483871   3.12903226 38.64516129 37.35483871 43.12903226
 38.58064516 93.09677419 58.06451613 76.74193548 74.41935484]",32
0,4898,3,0.0,-167.8125,0.9696969696969697,"[ 3.3125   2.46875  3.03125 37.46875 36.25    41.90625 37.4375  90.1875
 56.53125 74.34375 72.375  ]",33
0,5026,3,0.0,-167.1818181818182,0.9705882352941176,"[ 3.33333333  2.42424242  3.06060606 37.72727273 35.96969697 41.54545455
 37.06060606 89.57575758 56.36363636 75.72727273 70.18181818]",34
0,5339,3,0.0,-172.02941176470588,0.9714285714285714,"[ 3.61764706  2.41176471  3.38235294 38.61764706 37.32352941 43.
 38.08823529 88.82352941 60.29411765 73.5        77.32352941]",35
0,5440,3,0.0,-170.54285714285714,0.9722222222222222,"[ 3.62857143  2.37142857  3.37142857 38.05714286 37.02857143 42.82857143
 37.51428571 87.48571429 59.25714286 71.4        78.        ]",36
1,5686,3,0.0,-172.30555555555554,0.972972972972973,"[ 3.86111111  2.38888889  3.69444444 38.47222222 37.41666667 43.36111111
 38.69444444 86.22222222 61.02777778 70.30555556 81.77777778]",37
1,5949,3,0.0,-174.43243243243242,0.9736842105263158,"[ 3.94594595  2.43243243  3.72972973 38.89189189 37.94594595 44.
 39.94594595 86.45945946 63.08108108 74.13513514 80.86486486]",38
2,6270,3,0.0,-177.1578947368421,0.9743589743589743,"[ 4.05263158  2.60526316  4.13157895 40.         38.71052632 45.36842105
 40.92105263 89.68421053 63.94736842 75.57894737 82.81578947]",39
0,6500,3,0.0,-179.0,0.975,"[ 4.1025641   2.64102564  4.17948718 40.07692308 38.56410256 45.94871795
 42.07692308 87.38461538 68.20512821 74.         85.20512821]",40
1,6581,3,0.0,-176.25,0.975609756097561,"[ 4.075  2.65   4.125 39.75  38.075 45.475 41.225 87.075 66.65  73.05
 84.   ]",41
0,6695,3,0.0,-175.1951219512195,0.9761904761904762,"[ 4.09756098  2.65853659  4.26829268 39.53658537 37.6097561  44.92682927
 41.2195122  85.34146341 67.07317073 74.04878049 81.95121951]",42
0,6735,3,0.0,-172.42857142857142,0.9767441860465116,"[ 4.04761905  2.61904762  4.5        38.95238095 36.78571429 43.9047619
 40.71428571 84.19047619 65.52380952 73.23809524 80.        ]",43
0,6905,3,0.0,-172.8139534883721,0.9772727272727273,"[ 4.1627907   2.6744186   4.51162791 38.86046512 36.53488372 44.37209302
 40.81395349 84.86046512 65.23255814 71.8372093  81.62790698]",44
0,7014,3,0.0,-171.79545454545453,0.9777777777777777,"[ 4.38636364  2.75        4.65909091 38.52272727 36.29545455 44.25
 40.34090909 83.72727273 64.65909091 70.20454545 82.25      ]",45
0,7131,3,0.0,-171.0,0.9782608695652174,"[ 4.48888889  2.75555556  4.73333333 38.46666667 35.86666667 44.11111111
 40.02222222 82.77777778 64.31111111 68.64444444 83.02222222]",46
2,7422,3,0.0,-172.67391304347825,0.9787234042553191,"[ 4.58695652  3.02173913  5.06521739 39.13043478 36.7173913  44.95652174
 40.54347826 82.54347826 67.56521739 72.2173913  82.08695652]",47
2,7749,3,0.0,-175.04255319148936,0.9791666666666666,"[ 4.59574468  3.12765957  5.5106383  40.27659574 38.25531915 45.40425532
 40.93617021 85.55319149 68.23404255 75.0212766  81.55319149]",48
0,7786,3,0.0,-172.5625,0.9795918367346939,"[ 4.5625      3.08333333  5.79166667 39.4375     37.83333333 44.47916667
 40.45833333 84.1875     67.14583333 73.77083333 80.29166667]",49
1,7903,3,0.0,-171.18367346938774,0.98,"[ 4.55102041  3.04081633  5.87755102 39.59183673 37.63265306 43.93877551
 40.12244898 83.65306122 66.75510204 72.7755102  80.53061224]",50
0,7944,3,0.0,-168.96,0.9803921568627451,[ 4.5   3.    6.02 39.   37.12 43.44 39.32 82.4  65.78 71.7  79.34],51
0,7990,3,0.0,-166.92156862745097,0.9807692307692307,"[ 4.43137255  2.96078431  5.94117647 38.52941176 36.78431373 42.74509804
 38.60784314 81.         65.1372549  71.07843137 77.8627451 ]",52
0,8020,3,0.0,-164.65384615384616,0.9811320754716981,"[ 4.38461538  2.92307692  5.90384615 37.78846154 36.28846154 42.28846154
 37.86538462 80.01923077 63.88461538 69.71153846 76.94230769]",53
0,8111,3,0.0,-163.62264150943398,0.9814814814814815,"[ 4.35849057  2.88679245  5.8490566  37.83018868 36.         41.83018868
 37.37735849 78.50943396 64.39622642 69.58490566 75.98113208]",54
0,8143,3,0.0,-161.53703703703704,0.9818181818181818,"[ 4.31481481  2.85185185  5.77777778 37.55555556 35.40740741 41.09259259
 36.74074074 77.48148148 63.35185185 68.2962963  75.16666667]",55
0,8241,3,0.0,-160.72727272727272,0.9821428571428571,"[ 4.41818182  2.83636364  5.83636364 37.34545455 34.89090909 40.85454545
 36.74545455 76.27272727 63.09090909 68.83636364 73.8       ]",56
1,8480,3,0.0,-161.91071428571428,0.9824561403508771,"[ 4.44642857  2.82142857  5.83928571 37.73214286 34.98214286 41.44642857
 37.26785714 76.46428571 62.64285714 71.55357143 72.78571429]",57
0,8572,3,0.0,-161.01754385964912,0.9827586206896551,"[ 4.56140351  2.94736842  6.01754386 37.52631579 34.78947368 40.92982456
 37.14035088 75.52631579 62.03508772 71.9122807  71.50877193]",58
0,8711,3,0.0,-160.9655172413793,0.9830508474576272,"[ 4.67241379  3.03448276  6.03448276 37.27586207 34.89655172 40.98275862
 37.03448276 74.89655172 62.27586207 70.89655172 72.4137931 ]",59
0,8756,3,0.0,-159.32203389830508,0.9833333333333333,"[ 4.62711864  3.01694915  5.94915254 36.69491525 34.52542373 40.69491525
 36.49152542 73.66101695 61.49152542 69.69491525 71.94915254]",60
1,8902,3,0.0,-158.9,0.9836065573770492,"[ 4.63333333  3.03333333  5.91666667 36.81666667 34.36666667 40.73333333
 36.45       74.21666667 61.08333333 68.86666667 72.76666667]",61
0,9107,3,0.0,-159.9672131147541,0.9838709677419355,"[ 4.68852459  3.2295082   5.90163934 36.80327869 34.68852459 41.06557377
 36.73770492 76.08196721 60.32786885 69.55737705 72.59016393]",62
1,9190,3,0.0,-158.53225806451613,0.9841269841269841,"[ 4.67741935  3.25806452  5.85483871 36.41935484 34.59677419 40.59677419
 36.61290323 75.0483871  60.46774194 68.5483871  72.61290323]",63
0,9519,3,0.0,-161.53968253968253,0.984375,"[ 4.80952381  3.28571429  6.34920635 37.11111111 35.01587302 41.41269841
 37.55555556 73.85714286 64.6984127  72.28571429 71.79365079]",64
1,9693,3,0.0,-161.546875,0.9846153846153847,"[ 4.828125  3.296875  7.171875 37.421875 35.0625   41.25     37.71875
 75.109375 63.953125 72.125    72.359375]",65
0,9713,3,0.0,-159.66153846153847,0.9848484848484849,"[ 4.78461538  3.26153846  7.10769231 36.87692308 34.52307692 40.61538462
 37.41538462 74.26153846 62.96923077 71.10769231 71.44615385]",66
2,9906,3,0.0,-159.5151515151515,0.9850746268656716,"[ 4.8030303   3.34848485  7.22727273 37.21212121 34.60606061 40.77272727
 37.5        75.46969697 62.53030303 71.48484848 71.6969697 ]",67
0,9949,3,0.0,-158.0597014925373,0.9852941176470589,"[ 4.76119403  3.31343284  7.41791045 36.94029851 34.17910448 40.1641791
 37.20895522 74.34328358 61.97014925 71.05970149 70.62686567]",68
3,10397,3,0.0,-161.23529411764707,0.9855072463768116,"[ 4.91176471  3.38235294  9.02941176 38.32352941 35.54411765 40.83823529
 38.19117647 76.66176471 63.72058824 71.94117647 73.79411765]",69
3,10649,3,0.0,-161.47826086956522,0.9857142857142858,"[ 5.01449275  3.46376812  9.37681159 38.62318841 35.66666667 41.33333333
 38.71014493 76.98550725 64.14492754 73.01449275 74.17391304]",70
1,10717,3,0.0,-159.97142857142856,0.9859154929577465,"[ 4.98571429  3.44285714  9.27142857 38.31428571 35.44285714 41.1
 38.24285714 76.27142857 63.71428571 72.61428571 73.42857143]",71
3,11238,3,0.0,-164.01408450704224,0.9861111111111112,"[ 5.14084507  3.88732394  9.49295775 40.33802817 37.23943662 41.67605634
 39.02816901 76.47887324 68.73239437 75.07042254 74.70422535]",72
1,11338,3,0.0,-162.95833333333334,0.9863013698630136,"[ 5.125       4.36111111  9.375      40.34722222 37.22222222 41.38888889
 38.51388889 75.75       68.70833333 74.125      74.95833333]",73
1,11558,3,0.0,-163.57534246575344,0.9864864864864865,"[ 5.17808219  4.45205479  9.53424658 40.53424658 37.21917808 41.75342466
 38.82191781 76.02739726 69.46575342 75.21917808 74.10958904]",74
2,11949,3,0.0,-166.06756756756758,0.9866666666666667,"[ 5.2972973   5.60810811  9.58108108 41.33783784 38.17567568 42.40540541
 39.55405405 75.82432432 72.39189189 75.31081081 77.13513514]",75
0,12010,3,0.0,-164.92,0.9868421052631579,"[ 5.26666667  5.54666667  9.54666667 40.8        37.76       42.32
 39.25333333 74.81333333 72.24       74.8        76.41333333]",76
0,12397,3,0.0,-168.0921052631579,0.987012987012987,"[ 6.01315789  5.48684211 10.23684211 41.71052632 38.90789474 42.64473684
 39.85526316 74.09210526 74.85526316 78.90789474 75.40789474]",77
1,12499,3,0.0,-167.07792207792207,0.9871794871794872,"[ 5.98701299  6.16883117 10.11688312 41.46753247 38.51948052 42.42857143
 39.90909091 73.37662338 74.83116883 78.96103896 74.64935065]",78
3,12780,3,0.0,-167.5897435897436,0.9873417721518988,"[ 5.94871795  6.25641026 10.73076923 41.82051282 38.78205128 42.93589744
 40.30769231 73.52564103 75.97435897 78.88461538 76.15384615]",79
2,13381,3,0.0,-172.53164556962025,0.9875,"[ 6.17721519  6.6835443  11.41772152 43.84810127 40.92405063 43.59493671
 41.01265823 77.88607595 76.86075949 78.97468354 81.60759494]",80
0,13782,3,0.0,-175.625,0.9876543209876543,"[ 8.3     8.8    11.2875 44.45   41.7625 44.4125 41.65   81.325  76.15
 77.9875 85.6   ]",81
5,14683,3,0.0,-182.90123456790124,0.9878048780487805,"[ 8.50617284 16.19753086 11.20987654 46.81481481 44.37037037 46.45679012
 43.62962963 86.81481481 78.58024691 82.09876543 90.48148148]",82
1,15184,3,0.0,-186.6341463414634,0.9879518072289156,"[ 8.57317073 21.47560976 11.07317073 47.95121951 45.31707317 47.37804878
 44.52439024 89.56097561 79.63414634 83.91463415 92.59756098]",83
0,15585,3,0.0,-189.44578313253012,0.9880952380952381,"[ 8.61445783 25.84337349 10.97590361 48.63855422 46.01204819 47.86746988
 45.25301205 90.37349398 81.54216867 84.57831325 94.57831325]",84
4,16386,3,0.0,-195.47619047619048,0.9882352941176471,"[  8.58333333  26.61904762  13.30952381  50.33333333  47.6547619
  49.91666667  47.16666667  98.26190476  80.72619048  84.35714286
 102.14285714]",85
0,16787,3,0.0,-198.11764705882354,0.9883720930232558,"[  8.48235294  26.31764706  13.15294118  50.90588235  48.28235294
  50.52941176  47.77647059  97.10588235  84.49411765  88.08235294
 100.94117647]",86
0,17188,3,0.0,-200.69767441860466,0.9885057471264368,"[ 8.38372093 26.02325581 13.         51.47674419 48.88372093 51.10465116
 48.39534884 95.97674419 88.1744186  91.72093023 99.76744186]",87
0,17589,3,0.0,-203.2183908045977,0.9886363636363636,"[  9.04597701  26.48275862  12.85057471  52.36781609  49.65517241
  51.51724138  48.63218391  94.87356322  91.4137931   90.66666667
 103.22988506]",88
8,18541,3,0.0,-209.125,0.9887640449438202,"[  9.60227273  28.21590909  13.65909091  55.36363636  52.875
  52.75        49.70454545  98.51136364  95.45454545  91.23863636
 110.77272727]",89
17,19562,3,0.0,-212.53932584269663,0.9888888888888889,"[  9.88764045  31.46067416  13.80898876  57.97752809  55.3258427
  54.85393258  51.64044944 103.57303371  97.58426966  94.24719101
 115.28089888]",90
1,20063,3,0.0,-215.61111111111111,0.989010989010989,"[  9.92222222  31.67777778  13.75555556  57.77777778  55.1
  56.63333333  53.41111111 103.25555556 101.22222222  94.73333333
 117.65555556]",91
13,21248,3,0.0,-222.04395604395606,0.9891304347826086,"[ 10.78021978  36.02197802  14.95604396  60.69230769  57.85714286
  59.16483516  55.78021978 106.56043956 106.56043956  97.24175824
 125.13186813]",92
16,22262,3,0.0,-225.4673913043478,0.989247311827957,"[ 11.05434783  38.2173913   15.60869565  63.18478261  60.4673913
  60.77173913  57.55434783 109.7826087  109.31521739  99.02173913
 131.57608696]",93
0,22663,3,0.0,-227.55913978494624,0.9893617021276596,"[ 10.93548387  37.80645161  15.4516129   63.58064516  60.89247312
  61.20430108  58.01075269 112.91397849 108.13978495 102.2688172
 130.16129032]",94
39,25317,3,0.0,-240.7127659574468,0.9894736842105263,"[ 11.90425532  50.68085106  16.03191489  71.06382979  68.24468085
  66.68085106  63.34042553 122.45744681 117.46808511 110.24468085
 144.95744681]",95
3,26018,3,0.0,-244.77894736842106,0.9895833333333334,"[ 11.98947368  53.4         16.05263158  72.88421053  70.14736842
  67.16842105  63.67368421 122.51578947 121.11578947 109.52631579
 149.61052632]",96
16,28019,3,0.0,-258.1041666666667,0.9896907216494846,"[ 14.33333333  59.28125     18.85416667  78.67708333  76.01041667
  70.40625     66.77083333 125.6875     133.38541667 110.91666667
 164.89583333]",97
1,28520,3,0.0,-260.4845360824742,0.9897959183673469,"[ 14.90721649  59.39175258  20.07216495  78.91752577  76.19587629
  71.17525773  67.73195876 127.20618557 132.01030928 114.41237113
 163.72164948]",98
0,28921,3,0.0,-262.11224489795916,0.98989898989899,"[ 14.86734694  60.74489796  19.86734694  80.02040816  77.31632653
  70.68367347  67.09183673 125.90816327 134.45918367 113.24489796
 166.14285714]",99
6,29922,3,0.0,-267.8888888888889,0.99,"[ 16.32323232  63.06060606  21.4040404   82.16161616  79.48484848
  72.16161616  68.43434343 125.11111111 141.17171717 112.6969697
 173.97979798]",100
2,30523,3,0.0,-270.79,0.9900990099009901,"[ 17.02  64.09  21.99  83.17  80.45  72.73  68.88 123.92 145.1  111.57
 177.94]",101
6,31270,3,0.0,-273.8514851485148,0.9901960784313726,"[ 17.85148515  65.01980198  22.63366337  84.32673267  81.46534653
  73.74257426  70.06930693 123.96039604 148.00990099 111.96039604
 182.00990099]",102
3,31971,3,0.0,-277.3137254901961,0.9902912621359223,"[ 17.68627451  66.38235294  22.42156863  85.35294118  82.45098039
  74.62745098  71.00980392 123.31372549 152.71568627 111.08823529
 186.73529412]",103
0,32372,3,0.0,-278.6990291262136,0.9903846153846154,"[ 17.51456311  65.74757282  22.2038835   85.49514563  82.62135922
  74.87378641  71.30097087 122.11650485 155.12621359 110.00970874
 188.81553398]",104
0,54,3,0.0,0,0.0,0,1
0,455,3,0.0,-493.0,0.5,[  3.   2.   3. 108. 122.  98. 127. 455.   0. 446.   7.],2
0,504,3,0.0,-280.5,0.6666666666666666,[  2.5   2.    2.   55.   71.   55.5  70.5 252.    0.  247.5   3.5],3
0,905,3,0.0,-327.0,0.75,"[  1.66666667   1.33333333   1.66666667  70.          80.33333333
  70.33333333  81.         301.66666667   0.         214.
  73.33333333]",4
0,1102,3,0.0,-299.25,0.8,"[  2.     1.75   1.5   67.75  70.75  65.    72.   226.25  49.25 206.5
  56.  ]",5
1,1271,3,0.0,-270.8,0.8333333333333334,[  2.2   3.    1.4  61.2  67.   58.4  67.6 204.6  49.  186.   54.6],6
0,1358,3,0.0,-243.33333333333334,0.8571428571428571,"[  2.16666667   2.66666667   1.33333333  53.83333333  61.66666667
  53.          57.83333333 185.          40.83333333 165.
  49.83333333]",7
0,1759,3,0.0,-268.57142857142856,0.875,"[  1.85714286   2.42857143   1.28571429  60.14285714  67.71428571
  59.42857143  64.         212.71428571  37.57142857 168.14285714
  69.71428571]",8
0,1850,3,0.0,-248.75,0.8888888888888888,"[  1.875   2.5     1.25   57.     61.25   54.25   58.75  186.125  44.25
 149.875  67.5  ]",9
0,1985,3,0.0,-238.22222222222223,0.9,"[  2.           2.44444444   1.22222222  54.11111111  59.88888889
  51.11111111  55.44444444 168.55555556  50.33333333 133.22222222
  75.        ]",10
0,2154,3,0.0,-233.2,0.9090909090909091,[  2.1   2.4   1.2  53.6  57.8  51.   53.  168.6  45.3 119.9  84.4],11
0,2188,3,0.0,-216.8181818181818,0.9166666666666666,"[  2.09090909   2.27272727   1.54545455  48.72727273  54.18181818
  46.36363636  49.63636364 156.36363636  41.18181818 112.09090909
  76.72727273]",12
0,2422,3,0.0,-219.83333333333334,0.9230769230769231,"[  2.75         2.91666667   2.25        49.5         56.
  47.33333333  49.         143.41666667  55.66666667 117.08333333
  75.41666667]",13
0,2484,3,0.0,-209.15384615384616,0.9285714285714286,"[  2.69230769   3.15384615   2.15384615  47.30769231  52.15384615
  45.76923077  45.84615385 134.          54.23076923 112.30769231
  69.69230769]",14
0,2527,3,0.0,-198.64285714285714,0.9333333333333333,"[  2.64285714   3.           2.07142857  45.78571429  48.92857143
  43.14285714  42.64285714 124.42857143  53.28571429 104.28571429
  67.78571429]",15
0,2868,3,0.0,-209.4,0.9375,"[  2.66666667   2.93333333   2.          47.46666667  50.6
  46.2         46.93333333 122.86666667  57.8        120.06666667
  63.26666667]",16
1,2975,3,0.0,-202.25,0.9411764705882353,"[  2.625    2.8125   2.      46.625   48.375   44.9375  46.     119.375
  56.25   118.1875  60.3125]",17
0,3060,3,0.0,-196.47058823529412,0.9444444444444444,"[  2.70588235   2.76470588   2.          44.82352941  46.94117647
  44.17647059  44.05882353 117.35294118  52.94117647 111.23529412
  61.76470588]",18
1,3270,3,0.0,-196.55555555555554,0.9473684210526315,"[  2.61111111   3.27777778   1.94444444  45.27777778  47.33333333
  44.33333333  44.72222222 121.94444444  50.5        114.22222222
  59.61111111]",19
0,3333,3,0.0,-190.52631578947367,0.95,"[  2.63157895   3.21052632   1.89473684  43.47368421  45.52631579
  43.52631579  42.89473684 118.84210526  47.84210526 108.21052632
  59.78947368]",20
1,3437,3,0.0,-185.6,0.9523809523809523,"[  2.6    3.45   1.85  42.5   44.4   43.25  41.7  115.8   47.45 105.55
  59.05]",21
0,3487,3,0.0,-180.04761904761904,0.9545454545454546,"[  2.66666667   3.42857143   1.80952381  40.80952381  42.95238095
  42.33333333  39.95238095 110.28571429  47.57142857 102.04761905
  56.52380952]",22
1,3693,3,0.0,-180.6818181818182,0.9565217391304348,"[  2.54545455   3.27272727   1.86363636  41.36363636  43.13636364
  42.54545455  40.81818182 111.18181818  47.5         97.86363636
  62.77272727]",23
1,3824,3,0.0,-178.0,0.9583333333333334,"[  2.43478261   3.17391304   1.82608696  40.7826087   43.04347826
  42.34782609  40.08695652 109.69565217  46.73913043  99.08695652
  60.04347826]",24
0,3852,3,0.0,-172.54166666666666,0.96,"[  2.41666667   3.29166667   1.79166667  39.08333333  42.
  41.          38.41666667 105.5         45.54166667  94.95833333
  58.70833333]",25
0,3906,3,0.0,-168.56,0.9615384615384616,"[  2.4    3.24   1.76  37.68  41.08  40.36  37.12 103.32  43.8   91.16
  58.52]",26
0,3955,3,0.0,-164.69230769230768,0.9629629629629629,"[  2.46153846   3.23076923   1.73076923  36.42307692  40.
  39.76923077  35.92307692 100.34615385  42.84615385  87.65384615
  58.15384615]",27
1,4175,3,0.0,-166.2962962962963,0.9642857142857143,"[ 2.44444444  3.25925926  1.7037037  37.18518519 40.62962963 39.96296296
 36.85185185 98.77777778 46.03703704 87.96296296 60.48148148]",28
0,4273,3,0.0,-164.53571428571428,0.9655172413793104,"[ 2.64285714  3.39285714  1.75       36.57142857 40.53571429 39.17857143
 36.32142857 97.21428571 45.67857143 84.82142857 61.82142857]",29
0,401,3,0,0.0,0,1,0.0
0,701,3,-739.0,0.5,0.0,2,0.0
0,755,3,-406.0,0.6666666666666666,0.0,3,0.0
0,821,3,-299.0,0.75,0.0,4,0.0
0,972,3,-266.75,0.8,0.0,5,0.0
0,1025,3,-227.8,0.8333333333333334,0.0,6,0.0
0,1160,3,-215.5,0.8571428571428571,0.0,7,0.0
0,1362,3,-216.28571428571428,0.875,0.0,8,0.0
0,1419,3,-198.75,0.8888888888888888,0.0,9,0.0
0,1611,3,-200.11111111111111,0.9,0.0,10,0.0
0,1661,3,-187.0,0.9090909090909091,0.0,11,0.0
0,1700,3,-175.27272727272728,0.9166666666666666,0.0,12,0.0
0,1815,3,-171.83333333333334,0.9230769230769231,0.0,13,0.0
0,1930,3,-168.92307692307693,0.9285714285714286,0.0,14,0.0
0,2086,3,-169.35714285714286,0.9333333333333333,0.0,15,0.0
0,2487,3,-186.06666666666666,0.9375,0.0,16,0.0
0,2646,3,-185.5625,0.9411764705882353,0.0,17,0.0
0,2904,3,-190.94117647058823,0.9444444444444444,0.0,18,0.0
0,2952,3,-184.05555555555554,0.9473684210526315,0.0,19,0.0
1,3328,3,-193.52631578947367,0.95,0.0,20,0.0
0,3467,3,-191.75,0.9523809523809523,0.0,21,0.0
0,3522,3,-186.14285714285714,0.9545454545454546,0.0,22,0.0
0,3572,3,-180.8181818181818,0.9565217391304348,0.0,23,0.0
0,3603,3,-175.1304347826087,0.9583333333333334,0.0,24,0.0
0,3662,3,-171.08333333333334,0.96,0.0,25,0.0
0,3753,3,-168.64,0.9615384615384616,0.0,26,0.0
0,3997,3,-172.26923076923077,0.9629629629629629,0.0,27,0.0
0,4239,3,-175.55555555555554,0.9642857142857143,0.0,28,0.0
0,4345,3,-173.75,0.9655172413793104,0.0,29,0.0
0,4418,3,-170.93103448275863,0.9666666666666667,0.0,30,0.0
0,4581,3,-171.3,0.967741935483871,0.0,31,0.0
1,4692,3,-168.96774193548387,0.96875,0.0,32,0.0
0,4729,3,-165.4375,0.9696969696969697,0.0,33,0.0
0,4952,3,-167.75757575757575,0.9705882352941176,0.0,34,0.0
0,5055,3,-166.41176470588235,0.9714285714285714,0.0,35,0.0
1,5286,3,-167.9142857142857,0.9722222222222222,0.0,36,0.0
0,5413,3,-167.30555555555554,0.972972972972973,0.0,37,0.0
0,5606,3,-168.51351351351352,0.9736842105263158,0.0,38,0.0
1,5754,3,-167.6578947368421,0.9743589743589743,0.0,39,0.0
0,5860,3,-166.56410256410257,0.975,0.0,40,0.0
0,5958,3,-165.325,0.975609756097561,0.0,41,0.0
0,6139,3,-166.17073170731706,0.9761904761904762,0.0,42,0.0
0,6283,3,-166.0952380952381,0.9767441860465116,0.0,43,0.0
1,6723,3,-172.1860465116279,0.9772727272727273,0.0,44,0.0
0,6742,3,-169.13636363636363,0.9777777777777777,0.0,45,0.0
0,6793,3,-166.93333333333334,0.9782608695652174,0.0,46,0.0
0,6829,3,-164.5,0.9787234042553191,0.0,47,0.0
0,6927,3,-163.48936170212767,0.9791666666666666,0.0,48,0.0
0,7224,3,-166.66666666666666,0.9795918367346939,0.0,49,0.0
0,7289,3,-164.9795918367347,0.98,0.0,50,0.0
1,7606,3,-167.78,0.9803921568627451,0.0,51,0.0
1,7741,3,-166.90196078431373,0.9807692307692307,0.0,52,0.0
0,7781,3,-164.82692307692307,0.9811320754716981,0.0,53,0.0
0,7852,3,-163.41509433962264,0.9814814814814815,0.0,54,0.0
1,7939,3,-161.77777777777777,0.9818181818181818,0.0,55,0.0
0,7984,3,-160.0,0.9821428571428571,0.0,56,0.0
0,8109,3,-159.71428571428572,0.9824561403508771,0.0,57,0.0
0,8202,3,-158.87719298245614,0.9827586206896551,0.0,58,0.0
3,8676,3,-163.0344827586207,0.9830508474576272,0.0,59,0.0
1,8722,3,-160.84745762711864,0.9833333333333333,0.0,60,0.0
0,8773,3,-159.33333333333334,0.9836065573770492,0.0,61,0.0
0,8938,3,-159.7377049180328,0.9838709677419355,0.0,62,0.0
2,9018,3,-157.75806451612902,0.9841269841269841,0.0,63,0.0
1,9077,3,-156.0,0.984375,0.0,64,0.0
2,9315,3,-156.609375,0.9846153846153847,0.0,65,0.0
1,9366,3,-154.8,0.9848484848484849,0.0,66,0.0
3,9770,3,-157.45454545454547,0.9850746268656716,0.0,67,0.0
1,9963,3,-157.80597014925374,0.9852941176470589,0.0,68,0.0
5,10582,3,-162.58823529411765,0.9855072463768116,0.0,69,0.0
3,10956,3,-164.57971014492753,0.9857142857142858,0.0,70,0.0
1,11013,3,-162.87142857142857,0.9859154929577465,0.0,71,0.0
2,11386,3,-165.22535211267606,0.9861111111111112,0.0,72,0.0
3,11624,3,-165.20833333333334,0.9863013698630136,0.0,73,0.0
1,12121,3,-169.58904109589042,0.9864864864864865,0.0,74,0.0
5,12729,3,-173.67567567567568,0.9866666666666667,0.0,75,0.0
0,12751,3,-171.90666666666667,0.9868421052631579,0.0,76,0.0
5,13027,3,-171.48684210526315,0.987012987012987,0.0,77,0.0
1,13081,3,-169.80519480519482,0.9871794871794872,0.0,78,0.0
0,13166,3,-168.96153846153845,0.9873417721518988,0.0,79,0.0
6,13651,3,-170.84810126582278,0.9875,0.0,80,0.0
4,14452,3,-177.4125,0.9876543209876543,0.0,81,0.0
5,15353,3,-184.66666666666666,0.9878048780487805,0.0,82,0.0
2,15954,3,-189.21951219512195,0.9879518072289156,0.0,83,0.0
12,16998,3,-195.26506024096386,0.9880952380952381,0.0,84,0.0
33,18924,3,-203.91666666666666,0.9882352941176471,0.0,85,0.0
